0, 0.000000, 0.100000, 0.098200, 0.088000
100, 0.000000, 0.100000, 0.113500, 0.100000
200, 0.000000, 0.100000, 0.578100, 0.530000
300, 0.000000, 0.100000, 0.683300, 0.674000
400, 0.000000, 0.100000, 0.813900, 0.782000
500, 0.000000, 0.100000, 0.850800, 0.878000
600, 0.000000, 0.100000, 0.877800, 0.856000
700, 0.000000, 0.100000, 0.895800, 0.872000
800, 0.000000, 0.100000, 0.907500, 0.900000
900, 0.000000, 0.100000, 0.916300, 0.918000
1000, 0.000000, 0.100000, 0.921100, 0.916000
1100, 0.000000, 0.100000, 0.926900, 0.928000
1200, 0.000000, 0.100000, 0.932100, 0.930000
1300, 0.000000, 0.100000, 0.934900, 0.924000
1400, 0.000000, 0.100000, 0.937700, 0.930000
1500, 0.000000, 0.100000, 0.940200, 0.932000
1600, 0.000000, 0.100000, 0.941600, 0.950000
1700, 0.000000, 0.100000, 0.944000, 0.930000
1800, 0.000000, 0.100000, 0.946800, 0.932000
1900, 0.000000, 0.100000, 0.947900, 0.950000
2000, 0.000000, 0.100000, 0.950500, 0.960000
2100, 0.000000, 0.100000, 0.953300, 0.960000
2200, 0.000000, 0.100000, 0.953900, 0.946000
2300, 0.000000, 0.100000, 0.955600, 0.962000
2400, 0.000000, 0.100000, 0.957000, 0.956000
2500, 0.000000, 0.100000, 0.958800, 0.960000
2600, 0.000000, 0.100000, 0.959500, 0.970000
2700, 0.000000, 0.100000, 0.961000, 0.958000
2800, 0.000000, 0.100000, 0.962500, 0.960000
2900, 0.000000, 0.100000, 0.963800, 0.964000
3000, 0.000000, 0.100000, 0.965000, 0.966000
3100, 0.000000, 0.100000, 0.965100, 0.962000
3200, 0.000000, 0.100000, 0.966100, 0.966000
3300, 0.000000, 0.100000, 0.966600, 0.966000
3400, 0.000000, 0.100000, 0.967400, 0.958000
3500, 0.000000, 0.100000, 0.967500, 0.958000
3600, 0.000000, 0.100000, 0.968200, 0.972000
3700, 0.000000, 0.100000, 0.968800, 0.956000
3800, 0.000000, 0.100000, 0.968900, 0.968000
3900, 0.000000, 0.100000, 0.970300, 0.980000
4000, 0.000000, 0.100000, 0.971400, 0.966000
4100, 0.000000, 0.100000, 0.971200, 0.972000
4200, 0.000000, 0.100000, 0.971100, 0.966000
4300, 0.000000, 0.100000, 0.972200, 0.976000
4400, 0.000000, 0.100000, 0.972100, 0.970000
4500, 0.000000, 0.100000, 0.972500, 0.970000
4600, 0.000000, 0.100000, 0.972900, 0.964000
4700, 0.000000, 0.100000, 0.974000, 0.976000
4800, 0.000000, 0.100000, 0.974400, 0.968000
4900, 0.000000, 0.100000, 0.973900, 0.966000
5000, 0.000000, 0.100000, 0.974700, 0.962000
5100, 0.000000, 0.100000, 0.974800, 0.966000
5200, 0.000000, 0.100000, 0.974700, 0.976000
5300, 0.000000, 0.100000, 0.975600, 0.980000
5400, 0.000000, 0.100000, 0.974900, 0.978000
5500, 0.000000, 0.100000, 0.976900, 0.982000
5600, 0.000000, 0.100000, 0.976700, 0.976000
5700, 0.000000, 0.100000, 0.976200, 0.960000
5800, 0.000000, 0.100000, 0.976500, 0.974000
5900, 0.000000, 0.100000, 0.977100, 0.982000
6000, 0.000000, 0.100000, 0.977200, 0.980000
6100, 0.000000, 0.100000, 0.977900, 0.980000
6200, 0.000000, 0.100000, 0.977500, 0.986000
6300, 0.000000, 0.100000, 0.977800, 0.984000
6400, 0.000000, 0.100000, 0.978600, 0.978000
6500, 0.000000, 0.100000, 0.978800, 0.974000
6600, 0.000000, 0.100000, 0.978400, 0.970000
6700, 0.000000, 0.100000, 0.978700, 0.982000
6800, 0.000000, 0.100000, 0.979300, 0.972000
6900, 0.000000, 0.100000, 0.979000, 0.982000
7000, 0.000000, 0.100000, 0.980300, 0.978000
7100, 0.000000, 0.100000, 0.979300, 0.978000
7200, 0.000000, 0.100000, 0.979800, 0.968000
7300, 0.000000, 0.100000, 0.980100, 0.982000
7400, 0.000000, 0.100000, 0.980200, 0.978000
7500, 0.000000, 0.100000, 0.980500, 0.978000
7600, 0.000000, 0.100000, 0.980200, 0.992000
7700, 0.000000, 0.100000, 0.981200, 0.980000
7800, 0.000000, 0.100000, 0.979800, 0.980000
7900, 0.000000, 0.100000, 0.980900, 0.982000
8000, 0.000000, 0.100000, 0.981500, 0.986000
8100, 0.000000, 0.100000, 0.980900, 0.980000
8200, 0.000000, 0.100000, 0.981400, 0.982000
8300, 0.000000, 0.100000, 0.981400, 0.982000
8400, 0.000000, 0.100000, 0.982000, 0.976000
8500, 0.000000, 0.100000, 0.981500, 0.982000
8600, 0.000000, 0.100000, 0.981600, 0.984000
8700, 0.000000, 0.100000, 0.982100, 0.978000
8800, 0.000000, 0.100000, 0.982700, 0.984000
8900, 0.000000, 0.100000, 0.982900, 0.984000
9000, 0.000000, 0.100000, 0.982800, 0.980000
9100, 0.000000, 0.100000, 0.982300, 0.978000
9200, 0.000000, 0.100000, 0.982600, 0.972000
9300, 0.000000, 0.100000, 0.982800, 0.984000
9400, 0.000000, 0.100000, 0.982400, 0.984000
9500, 0.000000, 0.100000, 0.982400, 0.984000
9600, 0.000000, 0.100000, 0.982900, 0.976000
9700, 0.000000, 0.100000, 0.983400, 0.984000
9800, 0.000000, 0.100000, 0.983800, 0.978000
9900, 0.000000, 0.100000, 0.983200, 0.984000
10000, 0.000000, 0.100000, 0.983200, 0.980000
10100, 0.000000, 0.100000, 0.983600, 0.982000
10200, 0.000000, 0.100000, 0.983900, 0.984000
10300, 0.000000, 0.100000, 0.983900, 0.990000
10400, 0.000000, 0.100000, 0.983600, 0.990000
10500, 0.000000, 0.100000, 0.983600, 0.992000
10600, 0.000000, 0.100000, 0.984000, 0.994000
10700, 0.000000, 0.100000, 0.984200, 0.984000
10800, 0.000000, 0.100000, 0.983900, 0.992000
10900, 0.000000, 0.100000, 0.984300, 0.988000
11000, 0.000000, 0.100000, 0.983300, 0.986000
11100, 0.000000, 0.100000, 0.984200, 0.988000
11200, 0.000000, 0.100000, 0.984000, 0.984000
11300, 0.000000, 0.100000, 0.984700, 0.986000
11400, 0.000000, 0.100000, 0.984300, 0.990000
11500, 0.000000, 0.100000, 0.984800, 0.980000
11600, 0.000000, 0.100000, 0.984600, 0.988000
11700, 0.000000, 0.100000, 0.984500, 0.974000
11800, 0.000000, 0.100000, 0.984400, 0.984000
11900, 0.000000, 0.100000, 0.984200, 0.976000
12000, 0.100000, 0.200000, 0.929300, 0.922000
12100, 0.100000, 0.200000, 0.949700, 0.972000
12200, 0.100000, 0.200000, 0.955000, 0.964000
12300, 0.100000, 0.200000, 0.958800, 0.934000
12400, 0.100000, 0.200000, 0.960700, 0.946000
12500, 0.100000, 0.200000, 0.962900, 0.974000
12600, 0.100000, 0.200000, 0.964900, 0.962000
12700, 0.100000, 0.200000, 0.966900, 0.974000
12800, 0.100000, 0.200000, 0.968100, 0.978000
12900, 0.100000, 0.200000, 0.969100, 0.968000
13000, 0.100000, 0.200000, 0.969800, 0.962000
13100, 0.100000, 0.200000, 0.971300, 0.970000
13200, 0.100000, 0.200000, 0.971900, 0.982000
13300, 0.100000, 0.200000, 0.972800, 0.970000
13400, 0.100000, 0.200000, 0.973500, 0.960000
13500, 0.100000, 0.200000, 0.973500, 0.986000
13600, 0.100000, 0.200000, 0.974600, 0.978000
13700, 0.100000, 0.200000, 0.975400, 0.976000
13800, 0.100000, 0.200000, 0.975800, 0.982000
13900, 0.100000, 0.200000, 0.976100, 0.978000
14000, 0.100000, 0.200000, 0.977000, 0.978000
14100, 0.100000, 0.200000, 0.978000, 0.976000
14200, 0.100000, 0.200000, 0.977600, 0.970000
14300, 0.100000, 0.200000, 0.978000, 0.974000
14400, 0.100000, 0.200000, 0.977900, 0.984000
14500, 0.100000, 0.200000, 0.979200, 0.974000
14600, 0.100000, 0.200000, 0.978400, 0.984000
14700, 0.100000, 0.200000, 0.978700, 0.988000
14800, 0.100000, 0.200000, 0.979600, 0.978000
14900, 0.100000, 0.200000, 0.980400, 0.984000
15000, 0.100000, 0.200000, 0.980100, 0.972000
15100, 0.100000, 0.200000, 0.980600, 0.990000
15200, 0.100000, 0.200000, 0.980600, 0.992000
15300, 0.100000, 0.200000, 0.981400, 0.988000
15400, 0.100000, 0.200000, 0.981000, 0.968000
15500, 0.100000, 0.200000, 0.980700, 0.990000
15600, 0.100000, 0.200000, 0.981200, 0.982000
15700, 0.100000, 0.200000, 0.981900, 0.974000
15800, 0.100000, 0.200000, 0.981600, 0.984000
15900, 0.100000, 0.200000, 0.982000, 0.984000
16000, 0.100000, 0.200000, 0.982100, 0.984000
16100, 0.100000, 0.200000, 0.982300, 0.980000
16200, 0.100000, 0.200000, 0.983700, 0.986000
16300, 0.100000, 0.200000, 0.982500, 0.996000
16400, 0.100000, 0.200000, 0.982800, 0.990000
16500, 0.100000, 0.200000, 0.983800, 0.988000
16600, 0.100000, 0.200000, 0.984200, 0.978000
16700, 0.100000, 0.200000, 0.983600, 0.984000
16800, 0.100000, 0.200000, 0.984500, 0.984000
16900, 0.100000, 0.200000, 0.984200, 0.990000
17000, 0.100000, 0.200000, 0.984400, 0.990000
17100, 0.100000, 0.200000, 0.985100, 0.988000
17200, 0.100000, 0.200000, 0.984800, 0.990000
17300, 0.100000, 0.200000, 0.984700, 0.990000
17400, 0.100000, 0.200000, 0.985000, 0.984000
17500, 0.100000, 0.200000, 0.984900, 0.994000
17600, 0.100000, 0.200000, 0.985100, 0.986000
17700, 0.100000, 0.200000, 0.985700, 0.982000
17800, 0.100000, 0.200000, 0.986200, 0.980000
17900, 0.100000, 0.200000, 0.985800, 0.990000
18000, 0.100000, 0.200000, 0.985900, 0.982000
18100, 0.100000, 0.200000, 0.985900, 0.984000
18200, 0.100000, 0.200000, 0.986200, 0.984000
18300, 0.100000, 0.200000, 0.985800, 0.976000
18400, 0.100000, 0.200000, 0.986400, 0.986000
18500, 0.100000, 0.200000, 0.986600, 0.986000
18600, 0.100000, 0.200000, 0.986500, 0.988000
18700, 0.100000, 0.200000, 0.986100, 0.994000
18800, 0.100000, 0.200000, 0.985500, 0.992000
18900, 0.200000, 0.300000, 0.946800, 0.950000
19000, 0.200000, 0.300000, 0.956800, 0.952000
19100, 0.200000, 0.300000, 0.962600, 0.968000
19200, 0.200000, 0.300000, 0.968000, 0.976000
19300, 0.200000, 0.300000, 0.969500, 0.970000
19400, 0.200000, 0.300000, 0.971000, 0.966000
19500, 0.200000, 0.300000, 0.972500, 0.968000
19600, 0.200000, 0.300000, 0.974700, 0.968000
19700, 0.200000, 0.300000, 0.974900, 0.970000
19800, 0.200000, 0.300000, 0.976000, 0.970000
19900, 0.200000, 0.300000, 0.977000, 0.966000
20000, 0.200000, 0.300000, 0.979100, 0.980000
20100, 0.200000, 0.300000, 0.979700, 0.972000
20200, 0.200000, 0.300000, 0.979600, 0.984000
20300, 0.200000, 0.300000, 0.980400, 0.980000
20400, 0.200000, 0.300000, 0.980400, 0.970000
20500, 0.200000, 0.300000, 0.981000, 0.972000
20600, 0.200000, 0.300000, 0.981200, 0.980000
20700, 0.200000, 0.300000, 0.981300, 0.984000
20800, 0.200000, 0.300000, 0.982400, 0.982000
20900, 0.200000, 0.300000, 0.982300, 0.992000
21000, 0.200000, 0.300000, 0.982600, 0.968000
21100, 0.200000, 0.300000, 0.982800, 0.976000
21200, 0.200000, 0.300000, 0.982900, 0.986000
21300, 0.200000, 0.300000, 0.983700, 0.984000
21400, 0.200000, 0.300000, 0.983400, 0.984000
21500, 0.200000, 0.300000, 0.983700, 0.976000
21600, 0.200000, 0.300000, 0.983600, 0.980000
21700, 0.200000, 0.300000, 0.983900, 0.980000
21800, 0.200000, 0.300000, 0.983500, 0.980000
21900, 0.200000, 0.300000, 0.983700, 0.988000
22000, 0.200000, 0.300000, 0.984700, 0.988000
22100, 0.200000, 0.300000, 0.984400, 0.988000
22200, 0.200000, 0.300000, 0.984900, 0.994000
22300, 0.200000, 0.300000, 0.984700, 0.978000
22400, 0.200000, 0.300000, 0.985800, 0.986000
22500, 0.200000, 0.300000, 0.985500, 0.992000
22600, 0.200000, 0.300000, 0.985200, 0.982000
22700, 0.200000, 0.300000, 0.985300, 0.984000
22800, 0.200000, 0.300000, 0.985800, 0.990000
22900, 0.200000, 0.300000, 0.985700, 0.976000
23000, 0.200000, 0.300000, 0.986400, 0.990000
23100, 0.200000, 0.300000, 0.985900, 0.992000
23200, 0.200000, 0.300000, 0.986000, 0.990000
23300, 0.200000, 0.300000, 0.986200, 0.990000
23400, 0.200000, 0.300000, 0.986100, 0.988000
23500, 0.200000, 0.300000, 0.985800, 0.986000
23600, 0.200000, 0.300000, 0.986900, 0.982000
23700, 0.200000, 0.300000, 0.986600, 0.988000
23800, 0.200000, 0.300000, 0.987200, 0.988000
23900, 0.200000, 0.300000, 0.987000, 0.986000
24000, 0.200000, 0.300000, 0.987300, 0.992000
24100, 0.200000, 0.300000, 0.986400, 0.994000
24200, 0.200000, 0.300000, 0.987400, 0.990000
24300, 0.200000, 0.300000, 0.987500, 0.996000
24400, 0.200000, 0.300000, 0.987400, 0.996000
24500, 0.200000, 0.300000, 0.987500, 0.996000
24600, 0.200000, 0.300000, 0.987900, 0.988000
24700, 0.200000, 0.300000, 0.988500, 0.994000
24800, 0.200000, 0.300000, 0.988000, 0.990000
24900, 0.200000, 0.300000, 0.988800, 0.988000
25000, 0.200000, 0.300000, 0.989000, 0.990000
25100, 0.200000, 0.300000, 0.987800, 0.988000
25200, 0.200000, 0.300000, 0.988100, 0.994000
25300, 0.200000, 0.300000, 0.988700, 0.990000
25400, 0.200000, 0.300000, 0.988700, 0.996000
25500, 0.200000, 0.300000, 0.989200, 0.992000
25600, 0.200000, 0.300000, 0.988600, 0.990000
25700, 0.200000, 0.300000, 0.988300, 0.990000
25800, 0.300000, 0.400000, 0.952400, 0.944000
25900, 0.300000, 0.400000, 0.963700, 0.978000
26000, 0.300000, 0.400000, 0.968400, 0.964000
26100, 0.300000, 0.400000, 0.972700, 0.978000
26200, 0.300000, 0.400000, 0.973300, 0.978000
26300, 0.300000, 0.400000, 0.976000, 0.984000
26400, 0.300000, 0.400000, 0.976600, 0.982000
26500, 0.300000, 0.400000, 0.978100, 0.986000
26600, 0.300000, 0.400000, 0.979100, 0.984000
26700, 0.300000, 0.400000, 0.980100, 0.980000
26800, 0.300000, 0.400000, 0.980900, 0.984000
26900, 0.300000, 0.400000, 0.981400, 0.984000
27000, 0.300000, 0.400000, 0.982100, 0.978000
27100, 0.300000, 0.400000, 0.982100, 0.980000
27200, 0.300000, 0.400000, 0.983600, 0.992000
27300, 0.300000, 0.400000, 0.983000, 0.976000
27400, 0.300000, 0.400000, 0.982700, 0.976000
27500, 0.300000, 0.400000, 0.983100, 0.984000
27600, 0.300000, 0.400000, 0.984400, 0.982000
27700, 0.300000, 0.400000, 0.985200, 0.996000
27800, 0.300000, 0.400000, 0.985200, 0.982000
27900, 0.300000, 0.400000, 0.985300, 0.982000
28000, 0.300000, 0.400000, 0.985000, 0.988000
28100, 0.300000, 0.400000, 0.985400, 0.988000
28200, 0.300000, 0.400000, 0.985600, 0.984000
28300, 0.300000, 0.400000, 0.985800, 0.986000
28400, 0.300000, 0.400000, 0.986300, 0.986000
28500, 0.300000, 0.400000, 0.987300, 0.996000
28600, 0.300000, 0.400000, 0.987400, 0.996000
28700, 0.300000, 0.400000, 0.986700, 0.980000
28800, 0.300000, 0.400000, 0.986800, 0.984000
28900, 0.300000, 0.400000, 0.987000, 0.994000
29000, 0.300000, 0.400000, 0.987700, 0.994000
29100, 0.300000, 0.400000, 0.987500, 0.986000
29200, 0.300000, 0.400000, 0.987800, 0.992000
29300, 0.300000, 0.400000, 0.987500, 0.992000
29400, 0.300000, 0.400000, 0.988300, 0.988000
29500, 0.300000, 0.400000, 0.988500, 0.994000
29600, 0.300000, 0.400000, 0.988100, 0.994000
29700, 0.300000, 0.400000, 0.988300, 0.996000
29800, 0.300000, 0.400000, 0.988500, 0.988000
29900, 0.300000, 0.400000, 0.987900, 0.996000
30000, 0.300000, 0.400000, 0.988200, 0.984000
30100, 0.300000, 0.400000, 0.989200, 0.994000
30200, 0.300000, 0.400000, 0.988600, 0.990000
30300, 0.300000, 0.400000, 0.988400, 0.986000
30400, 0.300000, 0.400000, 0.988400, 0.990000
30500, 0.300000, 0.400000, 0.988600, 0.982000
30600, 0.300000, 0.400000, 0.988100, 0.994000
30700, 0.400000, 0.500000, 0.958100, 0.960000
30800, 0.400000, 0.500000, 0.968500, 0.952000
30900, 0.400000, 0.500000, 0.973400, 0.976000
31000, 0.400000, 0.500000, 0.975900, 0.960000
31100, 0.400000, 0.500000, 0.978100, 0.970000
31200, 0.400000, 0.500000, 0.978900, 0.982000
31300, 0.400000, 0.500000, 0.980600, 0.978000
31400, 0.400000, 0.500000, 0.982000, 0.984000
31500, 0.400000, 0.500000, 0.982000, 0.978000
31600, 0.400000, 0.500000, 0.982300, 0.986000
31700, 0.400000, 0.500000, 0.984100, 0.990000
31800, 0.400000, 0.500000, 0.984000, 0.976000
31900, 0.400000, 0.500000, 0.984200, 0.982000
32000, 0.400000, 0.500000, 0.985200, 0.978000
32100, 0.400000, 0.500000, 0.984200, 0.992000
32200, 0.400000, 0.500000, 0.985700, 0.988000
32300, 0.400000, 0.500000, 0.985700, 0.980000
32400, 0.400000, 0.500000, 0.985000, 0.986000
32500, 0.400000, 0.500000, 0.986000, 0.992000
32600, 0.400000, 0.500000, 0.985900, 0.998000
32700, 0.400000, 0.500000, 0.986200, 0.988000
32800, 0.400000, 0.500000, 0.987000, 0.982000
32900, 0.400000, 0.500000, 0.987600, 0.992000
33000, 0.400000, 0.500000, 0.987600, 0.996000
33100, 0.400000, 0.500000, 0.987400, 0.986000
33200, 0.400000, 0.500000, 0.986800, 0.984000
33300, 0.400000, 0.500000, 0.987000, 0.990000
33400, 0.400000, 0.500000, 0.988200, 0.982000
33500, 0.400000, 0.500000, 0.988600, 0.996000
33600, 0.400000, 0.500000, 0.988300, 0.990000
33700, 0.400000, 0.500000, 0.988700, 0.994000
33800, 0.400000, 0.500000, 0.989400, 0.988000
33900, 0.400000, 0.500000, 0.988300, 0.986000
34000, 0.400000, 0.500000, 0.988700, 0.988000
34100, 0.400000, 0.500000, 0.988700, 0.996000
34200, 0.400000, 0.500000, 0.989200, 0.994000
34300, 0.400000, 0.500000, 0.989700, 0.988000
34400, 0.400000, 0.500000, 0.989400, 0.992000
34500, 0.400000, 0.500000, 0.989200, 0.992000
34600, 0.400000, 0.500000, 0.989600, 0.992000
34700, 0.400000, 0.500000, 0.989300, 0.992000
34800, 0.400000, 0.500000, 0.989600, 0.994000
34900, 0.400000, 0.500000, 0.990100, 0.992000
35000, 0.400000, 0.500000, 0.990300, 0.990000
35100, 0.400000, 0.500000, 0.990100, 0.994000
35200, 0.400000, 0.500000, 0.989500, 0.994000
35300, 0.400000, 0.500000, 0.989900, 0.990000
35400, 0.400000, 0.500000, 0.989100, 0.988000
35500, 0.500000, 0.600000, 0.958900, 0.960000
35600, 0.500000, 0.600000, 0.968300, 0.968000
35700, 0.500000, 0.600000, 0.972000, 0.974000
35800, 0.500000, 0.600000, 0.975900, 0.962000
35900, 0.500000, 0.600000, 0.977900, 0.986000
36000, 0.500000, 0.600000, 0.978900, 0.966000
36100, 0.500000, 0.600000, 0.980300, 0.986000
36200, 0.500000, 0.600000, 0.982100, 0.982000
36300, 0.500000, 0.600000, 0.982100, 0.976000
36400, 0.500000, 0.600000, 0.982200, 0.976000
36500, 0.500000, 0.600000, 0.984500, 0.978000
36600, 0.500000, 0.600000, 0.984800, 0.982000
36700, 0.500000, 0.600000, 0.984600, 0.992000
36800, 0.500000, 0.600000, 0.985100, 0.988000
36900, 0.500000, 0.600000, 0.985600, 0.992000
37000, 0.500000, 0.600000, 0.985700, 0.988000
37100, 0.500000, 0.600000, 0.985700, 0.974000
37200, 0.500000, 0.600000, 0.986400, 0.986000
37300, 0.500000, 0.600000, 0.987100, 0.994000
37400, 0.500000, 0.600000, 0.986400, 0.990000
37500, 0.500000, 0.600000, 0.986300, 0.984000
37600, 0.500000, 0.600000, 0.987600, 0.984000
37700, 0.500000, 0.600000, 0.987500, 0.980000
37800, 0.500000, 0.600000, 0.988300, 0.988000
37900, 0.500000, 0.600000, 0.987600, 0.978000
38000, 0.500000, 0.600000, 0.988300, 0.988000
38100, 0.500000, 0.600000, 0.989000, 0.980000
38200, 0.500000, 0.600000, 0.988800, 1.000000
38300, 0.500000, 0.600000, 0.989400, 0.982000
38400, 0.500000, 0.600000, 0.989200, 0.988000
38500, 0.500000, 0.600000, 0.989300, 0.982000
38600, 0.500000, 0.600000, 0.989600, 0.994000
38700, 0.500000, 0.600000, 0.989400, 0.990000
38800, 0.500000, 0.600000, 0.989400, 0.990000
38900, 0.500000, 0.600000, 0.989000, 0.992000
39000, 0.500000, 0.600000, 0.990300, 0.992000
39100, 0.500000, 0.600000, 0.989700, 0.992000
39200, 0.500000, 0.600000, 0.990200, 0.992000
39300, 0.500000, 0.600000, 0.989600, 0.996000
39400, 0.500000, 0.600000, 0.990000, 0.990000
39500, 0.500000, 0.600000, 0.990000, 0.992000
39600, 0.500000, 0.600000, 0.989700, 0.994000
39700, 0.500000, 0.600000, 0.990600, 0.988000
39800, 0.500000, 0.600000, 0.990800, 0.986000
39900, 0.500000, 0.600000, 0.990700, 0.982000
40000, 0.500000, 0.600000, 0.991100, 0.994000
40100, 0.500000, 0.600000, 0.989800, 0.992000
40200, 0.500000, 0.600000, 0.990500, 0.992000
40300, 0.500000, 0.600000, 0.990300, 0.986000
40400, 0.500000, 0.600000, 0.990900, 0.996000
40500, 0.500000, 0.600000, 0.990900, 0.992000
40600, 0.500000, 0.600000, 0.990800, 0.992000
40700, 0.500000, 0.600000, 0.991400, 0.994000
40800, 0.500000, 0.600000, 0.990700, 0.990000
40900, 0.600000, 0.700000, 0.955100, 0.950000
41000, 0.600000, 0.700000, 0.966500, 0.962000
41100, 0.600000, 0.700000, 0.971800, 0.970000
41200, 0.600000, 0.700000, 0.975200, 0.986000
41300, 0.600000, 0.700000, 0.976800, 0.984000
41400, 0.600000, 0.700000, 0.978800, 0.974000
41500, 0.600000, 0.700000, 0.979100, 0.984000
41600, 0.600000, 0.700000, 0.980800, 0.986000
41700, 0.600000, 0.700000, 0.981000, 0.978000
41800, 0.600000, 0.700000, 0.981600, 0.988000
41900, 0.600000, 0.700000, 0.981200, 0.980000
42000, 0.600000, 0.700000, 0.983000, 0.988000
42100, 0.600000, 0.700000, 0.984100, 0.984000
42200, 0.600000, 0.700000, 0.984200, 0.988000
42300, 0.600000, 0.700000, 0.984400, 0.984000
42400, 0.600000, 0.700000, 0.984300, 0.978000
42500, 0.600000, 0.700000, 0.984900, 0.984000
42600, 0.600000, 0.700000, 0.985200, 0.990000
42700, 0.600000, 0.700000, 0.986300, 0.988000
42800, 0.600000, 0.700000, 0.985900, 0.992000
42900, 0.600000, 0.700000, 0.986500, 0.990000
43000, 0.600000, 0.700000, 0.987000, 0.994000
43100, 0.600000, 0.700000, 0.985800, 0.984000
43200, 0.600000, 0.700000, 0.987900, 0.998000
43300, 0.600000, 0.700000, 0.987500, 0.992000
43400, 0.600000, 0.700000, 0.987900, 0.992000
43500, 0.600000, 0.700000, 0.987400, 0.992000
43600, 0.600000, 0.700000, 0.987600, 0.990000
43700, 0.600000, 0.700000, 0.988300, 0.992000
43800, 0.600000, 0.700000, 0.987300, 0.990000
43900, 0.600000, 0.700000, 0.987800, 0.988000
44000, 0.600000, 0.700000, 0.988100, 0.988000
44100, 0.600000, 0.700000, 0.988900, 0.996000
44200, 0.600000, 0.700000, 0.988200, 1.000000
44300, 0.600000, 0.700000, 0.988500, 0.986000
44400, 0.600000, 0.700000, 0.989300, 0.986000
44500, 0.600000, 0.700000, 0.988600, 0.984000
44600, 0.600000, 0.700000, 0.988900, 0.992000
44700, 0.600000, 0.700000, 0.989600, 0.996000
44800, 0.600000, 0.700000, 0.989700, 0.994000
44900, 0.600000, 0.700000, 0.989500, 0.994000
45000, 0.600000, 0.700000, 0.989500, 0.988000
45100, 0.600000, 0.700000, 0.989400, 0.990000
45200, 0.600000, 0.700000, 0.988900, 0.986000
45300, 0.600000, 0.700000, 0.989400, 0.996000
45400, 0.600000, 0.700000, 0.989500, 1.000000
45500, 0.600000, 0.700000, 0.989500, 0.996000
45600, 0.600000, 0.700000, 0.989700, 0.994000
45700, 0.600000, 0.700000, 0.989700, 0.988000
45800, 0.600000, 0.700000, 0.990000, 0.992000
45900, 0.600000, 0.700000, 0.990400, 0.996000
46000, 0.600000, 0.700000, 0.990800, 0.996000
46100, 0.600000, 0.700000, 0.990500, 0.994000
46200, 0.600000, 0.700000, 0.991100, 0.994000
46300, 0.600000, 0.700000, 0.990500, 0.990000
46400, 0.600000, 0.700000, 0.990300, 0.998000
46500, 0.600000, 0.700000, 0.990500, 0.992000
46600, 0.600000, 0.700000, 0.991100, 0.994000
46700, 0.600000, 0.700000, 0.990800, 0.994000
46800, 0.600000, 0.700000, 0.991000, 0.996000
46900, 0.600000, 0.700000, 0.991000, 0.990000
47000, 0.600000, 0.700000, 0.991100, 0.998000
47100, 0.600000, 0.700000, 0.990700, 0.994000
47200, 0.600000, 0.700000, 0.990800, 0.992000
47300, 0.700000, 0.800000, 0.961300, 0.970000
47400, 0.700000, 0.800000, 0.971000, 0.974000
47500, 0.700000, 0.800000, 0.975200, 0.976000
47600, 0.700000, 0.800000, 0.978800, 0.990000
47700, 0.700000, 0.800000, 0.980700, 0.986000
47800, 0.700000, 0.800000, 0.982000, 0.974000
47900, 0.700000, 0.800000, 0.982300, 0.978000
48000, 0.700000, 0.800000, 0.984200, 0.978000
48100, 0.700000, 0.800000, 0.983800, 0.990000
48200, 0.700000, 0.800000, 0.984900, 0.986000
48300, 0.700000, 0.800000, 0.984700, 0.990000
48400, 0.700000, 0.800000, 0.986100, 0.992000
48500, 0.700000, 0.800000, 0.986500, 0.984000
48600, 0.700000, 0.800000, 0.986400, 0.984000
48700, 0.700000, 0.800000, 0.987200, 0.990000
48800, 0.700000, 0.800000, 0.987500, 0.990000
48900, 0.700000, 0.800000, 0.987900, 0.992000
49000, 0.700000, 0.800000, 0.988100, 0.992000
49100, 0.700000, 0.800000, 0.988400, 0.986000
49200, 0.700000, 0.800000, 0.989100, 0.986000
49300, 0.700000, 0.800000, 0.988500, 0.992000
49400, 0.700000, 0.800000, 0.988600, 0.990000
49500, 0.700000, 0.800000, 0.989400, 0.992000
49600, 0.700000, 0.800000, 0.988700, 0.990000
49700, 0.700000, 0.800000, 0.988900, 0.978000
49800, 0.700000, 0.800000, 0.989400, 0.994000
49900, 0.700000, 0.800000, 0.989400, 0.996000
50000, 0.700000, 0.800000, 0.990100, 0.992000
50100, 0.700000, 0.800000, 0.989400, 0.988000
50200, 0.700000, 0.800000, 0.990000, 0.996000
50300, 0.700000, 0.800000, 0.989900, 0.996000
50400, 0.700000, 0.800000, 0.990000, 0.996000
50500, 0.700000, 0.800000, 0.988500, 0.992000
50600, 0.800000, 0.900000, 0.965900, 0.974000
50700, 0.800000, 0.900000, 0.972300, 0.962000
50800, 0.800000, 0.900000, 0.977100, 0.974000
50900, 0.800000, 0.900000, 0.978500, 0.964000
51000, 0.800000, 0.900000, 0.981600, 0.976000
51100, 0.800000, 0.900000, 0.983200, 0.972000
51200, 0.800000, 0.900000, 0.982800, 0.978000
51300, 0.800000, 0.900000, 0.984600, 0.992000
51400, 0.800000, 0.900000, 0.985100, 0.990000
51500, 0.800000, 0.900000, 0.985800, 0.978000
51600, 0.800000, 0.900000, 0.985100, 0.982000
51700, 0.800000, 0.900000, 0.985100, 0.986000
51800, 0.800000, 0.900000, 0.986100, 0.986000
51900, 0.800000, 0.900000, 0.986600, 0.994000
52000, 0.800000, 0.900000, 0.986700, 0.984000
52100, 0.800000, 0.900000, 0.987700, 0.986000
52200, 0.800000, 0.900000, 0.986900, 0.984000
52300, 0.800000, 0.900000, 0.988200, 0.996000
52400, 0.800000, 0.900000, 0.987800, 0.998000
52500, 0.800000, 0.900000, 0.987100, 0.990000
52600, 0.800000, 0.900000, 0.987500, 0.984000
52700, 0.800000, 0.900000, 0.988800, 0.986000
52800, 0.800000, 0.900000, 0.988700, 0.990000
52900, 0.800000, 0.900000, 0.988700, 0.990000
53000, 0.800000, 0.900000, 0.989000, 0.996000
53100, 0.800000, 0.900000, 0.989000, 0.990000
53200, 0.800000, 0.900000, 0.989600, 0.988000
53300, 0.800000, 0.900000, 0.988900, 0.994000
53400, 0.800000, 0.900000, 0.989000, 0.992000
53500, 0.800000, 0.900000, 0.989200, 0.998000
53600, 0.800000, 0.900000, 0.989900, 0.994000
53700, 0.800000, 0.900000, 0.989500, 0.998000
53800, 0.800000, 0.900000, 0.989800, 0.990000
53900, 0.800000, 0.900000, 0.989700, 0.998000
54000, 0.800000, 0.900000, 0.989700, 0.992000
54100, 0.800000, 0.900000, 0.990700, 0.998000
54200, 0.800000, 0.900000, 0.990500, 0.998000
54300, 0.800000, 0.900000, 0.990000, 0.994000
54400, 0.800000, 0.900000, 0.990800, 0.988000
54500, 0.800000, 0.900000, 0.990400, 0.994000
54600, 0.800000, 0.900000, 0.990700, 0.990000
54700, 0.800000, 0.900000, 0.990900, 0.994000
54800, 0.800000, 0.900000, 0.990400, 0.994000
54900, 0.800000, 0.900000, 0.990600, 0.996000
55000, 0.800000, 0.900000, 0.990100, 0.996000
55100, 0.800000, 0.900000, 0.991200, 0.992000
55200, 0.800000, 0.900000, 0.990900, 0.998000
55300, 0.800000, 0.900000, 0.990600, 0.994000
55400, 0.800000, 0.900000, 0.990400, 0.996000
55500, 0.900000, 1.000000, 0.965900, 0.978000
55600, 0.900000, 1.000000, 0.974100, 0.970000
55700, 0.900000, 1.000000, 0.978000, 0.990000
55800, 0.900000, 1.000000, 0.980900, 0.976000
55900, 0.900000, 1.000000, 0.982900, 0.984000
56000, 0.900000, 1.000000, 0.983900, 0.988000
56100, 0.900000, 1.000000, 0.983900, 0.986000
56200, 0.900000, 1.000000, 0.985100, 0.986000
56300, 0.900000, 1.000000, 0.985000, 0.994000
56400, 0.900000, 1.000000, 0.985700, 0.984000
56500, 0.900000, 1.000000, 0.986600, 0.986000
56600, 0.900000, 1.000000, 0.987000, 0.990000
56700, 0.900000, 1.000000, 0.987300, 0.988000
56800, 0.900000, 1.000000, 0.987900, 0.990000
56900, 0.900000, 1.000000, 0.987300, 0.990000
57000, 0.900000, 1.000000, 0.987800, 0.996000
57100, 0.900000, 1.000000, 0.988300, 0.994000
57200, 0.900000, 1.000000, 0.988500, 0.994000
57300, 0.900000, 1.000000, 0.988700, 0.984000
57400, 0.900000, 1.000000, 0.988000, 0.994000
57500, 0.900000, 1.000000, 0.988700, 0.994000
57600, 0.900000, 1.000000, 0.988200, 0.988000
57700, 0.900000, 1.000000, 0.989700, 0.998000
57800, 0.900000, 1.000000, 0.990000, 0.994000
57900, 0.900000, 1.000000, 0.988800, 0.992000
58000, 0.900000, 1.000000, 0.989900, 0.994000
58100, 0.900000, 1.000000, 0.989300, 0.998000
58200, 0.900000, 1.000000, 0.990200, 0.990000
58300, 0.900000, 1.000000, 0.990700, 0.994000
58400, 0.900000, 1.000000, 0.990300, 0.988000
58500, 0.900000, 1.000000, 0.990100, 0.992000
58600, 0.900000, 1.000000, 0.990400, 0.996000
58700, 0.900000, 1.000000, 0.991200, 0.988000
58800, 0.900000, 1.000000, 0.990300, 0.998000
58900, 0.900000, 1.000000, 0.991300, 0.996000
59000, 0.900000, 1.000000, 0.990900, 0.996000
59100, 0.900000, 1.000000, 0.990600, 0.994000
59200, 0.900000, 1.000000, 0.991000, 0.998000
59300, 0.900000, 1.000000, 0.991100, 0.994000
59400, 0.900000, 1.000000, 0.991500, 0.990000
59500, 0.900000, 1.000000, 0.991500, 0.998000
59600, 0.900000, 1.000000, 0.991000, 0.998000
59700, 0.900000, 1.000000, 0.991400, 0.996000
59800, 0.900000, 1.000000, 0.991600, 0.996000
59900, 0.900000, 1.000000, 0.992200, 0.998000
60000, 0.900000, 1.000000, 0.991500, 1.000000
60100, 0.900000, 1.000000, 0.990900, 0.998000
60200, 0.900000, 1.000000, 0.991500, 1.000000
60300, 0.900000, 1.000000, 0.991500, 0.994000
60400, 0.900000, 1.000000, 0.991600, 0.998000
60500, 0.900000, 1.000000, 0.991100, 0.998000
60600, 0.800000, 1.000000, 0.992000, 0.996000
60700, 0.800000, 1.000000, 0.992300, 0.996000
60800, 0.800000, 1.000000, 0.991700, 1.000000
60900, 0.800000, 1.000000, 0.991300, 0.996000
61000, 0.800000, 1.000000, 0.992100, 0.996000
61100, 0.800000, 1.000000, 0.991500, 0.998000
61200, 0.800000, 1.000000, 0.992100, 0.998000
61300, 0.800000, 1.000000, 0.991800, 1.000000
61400, 0.800000, 1.000000, 0.992500, 0.994000
61500, 0.800000, 1.000000, 0.991400, 0.998000
61600, 0.800000, 1.000000, 0.991000, 1.000000
61700, 0.700000, 1.000000, 0.991400, 0.998000
61800, 0.700000, 1.000000, 0.991900, 0.998000
61900, 0.700000, 1.000000, 0.992200, 0.998000
62000, 0.700000, 1.000000, 0.991900, 0.996000
62100, 0.700000, 1.000000, 0.992000, 0.996000
62200, 0.700000, 1.000000, 0.992000, 0.998000
62300, 0.700000, 1.000000, 0.991900, 1.000000
62400, 0.700000, 1.000000, 0.991000, 0.994000
62500, 0.700000, 1.000000, 0.991100, 0.998000
62600, 0.700000, 1.000000, 0.992000, 0.998000
62700, 0.700000, 1.000000, 0.992000, 0.998000
62800, 0.700000, 1.000000, 0.992300, 0.996000
62900, 0.700000, 1.000000, 0.992000, 1.000000
63000, 0.600000, 1.000000, 0.991400, 0.996000
63100, 0.600000, 1.000000, 0.992100, 1.000000
63200, 0.600000, 1.000000, 0.991900, 0.996000
63300, 0.600000, 1.000000, 0.991200, 1.000000
63400, 0.600000, 1.000000, 0.992100, 0.998000
63500, 0.600000, 1.000000, 0.992200, 0.998000
63600, 0.600000, 1.000000, 0.992200, 0.998000
63700, 0.600000, 1.000000, 0.992000, 1.000000
63800, 0.600000, 1.000000, 0.992300, 0.998000
63900, 0.600000, 1.000000, 0.992000, 0.998000
64000, 0.600000, 1.000000, 0.991700, 0.998000
64100, 0.600000, 1.000000, 0.991900, 1.000000
64200, 0.500000, 1.000000, 0.992800, 1.000000
64300, 0.500000, 1.000000, 0.992100, 0.998000
64400, 0.500000, 1.000000, 0.992100, 0.994000
64500, 0.500000, 1.000000, 0.992400, 1.000000
64600, 0.500000, 1.000000, 0.992100, 1.000000
64700, 0.500000, 1.000000, 0.991700, 0.998000
64800, 0.500000, 1.000000, 0.992500, 1.000000
64900, 0.500000, 1.000000, 0.992400, 1.000000
65000, 0.500000, 1.000000, 0.992600, 0.996000
65100, 0.500000, 1.000000, 0.992300, 0.998000
65200, 0.500000, 1.000000, 0.992400, 0.998000
65300, 0.400000, 1.000000, 0.992800, 1.000000
65400, 0.400000, 1.000000, 0.992400, 1.000000
65500, 0.400000, 1.000000, 0.992600, 1.000000
65600, 0.400000, 1.000000, 0.992700, 1.000000
65700, 0.400000, 1.000000, 0.992600, 1.000000
65800, 0.400000, 1.000000, 0.992400, 0.998000
65900, 0.400000, 1.000000, 0.992200, 1.000000
66000, 0.400000, 1.000000, 0.992800, 1.000000
66100, 0.400000, 1.000000, 0.992500, 1.000000
66200, 0.400000, 1.000000, 0.992500, 1.000000
66300, 0.400000, 1.000000, 0.992500, 1.000000
66400, 0.300000, 1.000000, 0.992600, 1.000000
66500, 0.300000, 1.000000, 0.991900, 1.000000
66600, 0.300000, 1.000000, 0.993200, 1.000000
66700, 0.300000, 1.000000, 0.992100, 0.998000
66800, 0.300000, 1.000000, 0.993000, 1.000000
66900, 0.300000, 1.000000, 0.991800, 1.000000
67000, 0.300000, 1.000000, 0.991700, 1.000000
67100, 0.300000, 1.000000, 0.991800, 1.000000
67200, 0.300000, 1.000000, 0.993000, 1.000000
67300, 0.300000, 1.000000, 0.992300, 1.000000
67400, 0.300000, 1.000000, 0.992300, 1.000000
67500, 0.200000, 1.000000, 0.991800, 0.998000
67600, 0.200000, 1.000000, 0.992400, 1.000000
67700, 0.200000, 1.000000, 0.992200, 1.000000
67800, 0.200000, 1.000000, 0.992600, 1.000000
67900, 0.200000, 1.000000, 0.992200, 1.000000
68000, 0.200000, 1.000000, 0.992800, 1.000000
68100, 0.200000, 1.000000, 0.992700, 1.000000
68200, 0.200000, 1.000000, 0.992800, 0.998000
68300, 0.200000, 1.000000, 0.992900, 1.000000
68400, 0.200000, 1.000000, 0.992700, 1.000000
68500, 0.200000, 1.000000, 0.992200, 1.000000
68600, 0.200000, 1.000000, 0.992200, 0.998000
68700, 0.100000, 1.000000, 0.992800, 1.000000
68800, 0.100000, 1.000000, 0.992700, 1.000000
68900, 0.100000, 1.000000, 0.992800, 1.000000
69000, 0.100000, 1.000000, 0.992600, 1.000000
69100, 0.100000, 1.000000, 0.993100, 1.000000
69200, 0.100000, 1.000000, 0.992000, 1.000000
69300, 0.100000, 1.000000, 0.992100, 1.000000
69400, 0.100000, 1.000000, 0.992200, 1.000000
69500, 0.100000, 1.000000, 0.992500, 1.000000
69600, 0.100000, 1.000000, 0.992700, 1.000000
69700, 0.100000, 1.000000, 0.993100, 0.998000
69800, 0.100000, 1.000000, 0.992000, 1.000000
69900, 0.000000, 1.000000, 0.992900, 0.998000
70000, 0.000000, 1.000000, 0.992600, 1.000000
70100, 0.000000, 1.000000, 0.992500, 1.000000
70200, 0.000000, 1.000000, 0.992400, 1.000000
70300, 0.000000, 1.000000, 0.993000, 1.000000
70400, 0.000000, 1.000000, 0.992500, 1.000000
70500, 0.000000, 1.000000, 0.992500, 1.000000
70600, 0.000000, 1.000000, 0.992300, 1.000000
70700, 0.000000, 1.000000, 0.992800, 1.000000
70800, 0.000000, 1.000000, 0.992200, 1.000000
70900, 0.000000, 1.000000, 0.992700, 1.000000
71000, 0.000000, 1.000000, 0.993000, 1.000000
71100, 0.000000, 1.000000, 0.992500, 1.000000
71200, 0.000000, 1.000000, 0.993200, 1.000000
71300, 0.000000, 1.000000, 0.992500, 1.000000
71400, 0.000000, 1.000000, 0.992400, 1.000000
71500, 0.000000, 1.000000, 0.992900, 1.000000
71600, 0.000000, 1.000000, 0.992500, 1.000000
71700, 0.000000, 1.000000, 0.992700, 1.000000
71800, 0.000000, 1.000000, 0.991700, 1.000000
71900, 0.000000, 1.000000, 0.993000, 1.000000
72000, 0.000000, 1.000000, 0.992300, 1.000000
72100, 0.000000, 1.000000, 0.992900, 1.000000
72200, 0.000000, 1.000000, 0.992800, 1.000000
72300, 0.000000, 1.000000, 0.992900, 1.000000
72400, 0.000000, 1.000000, 0.993200, 1.000000
72500, 0.000000, 1.000000, 0.992900, 1.000000
72600, 0.000000, 1.000000, 0.992500, 1.000000
72700, 0.000000, 1.000000, 0.992500, 1.000000
72800, 0.000000, 1.000000, 0.992100, 1.000000
72900, 0.000000, 1.000000, 0.991800, 1.000000
73000, 0.000000, 1.000000, 0.992500, 1.000000
73100, 0.000000, 1.000000, 0.992800, 1.000000
73200, 0.000000, 1.000000, 0.993100, 1.000000
73300, 0.000000, 1.000000, 0.992200, 1.000000
73400, 0.000000, 1.000000, 0.992500, 1.000000
73500, 0.000000, 1.000000, 0.992500, 1.000000
73600, 0.000000, 1.000000, 0.992900, 1.000000
73700, 0.000000, 1.000000, 0.992600, 1.000000
73800, 0.000000, 1.000000, 0.992100, 1.000000
73900, 0.000000, 1.000000, 0.992700, 1.000000
74000, 0.000000, 1.000000, 0.992200, 1.000000
74100, 0.000000, 1.000000, 0.992900, 1.000000
74200, 0.000000, 1.000000, 0.992900, 1.000000
74300, 0.000000, 1.000000, 0.993300, 1.000000
74400, 0.000000, 1.000000, 0.992900, 1.000000
74500, 0.000000, 1.000000, 0.992900, 1.000000
74600, 0.000000, 1.000000, 0.992600, 1.000000
74700, 0.000000, 1.000000, 0.992900, 1.000000
74800, 0.000000, 1.000000, 0.992800, 1.000000
74900, 0.000000, 1.000000, 0.992700, 1.000000
75000, 0.000000, 1.000000, 0.992500, 1.000000
75100, 0.000000, 1.000000, 0.992700, 1.000000
75200, 0.000000, 1.000000, 0.992500, 1.000000
75300, 0.000000, 1.000000, 0.992700, 1.000000
75400, 0.000000, 1.000000, 0.993000, 1.000000
75500, 0.000000, 1.000000, 0.992400, 1.000000
75600, 0.000000, 1.000000, 0.992900, 1.000000
75700, 0.000000, 1.000000, 0.992500, 1.000000
75800, 0.000000, 1.000000, 0.992800, 1.000000
75900, 0.000000, 1.000000, 0.992900, 1.000000
76000, 0.000000, 1.000000, 0.992100, 1.000000
76100, 0.000000, 1.000000, 0.993000, 1.000000
76200, 0.000000, 1.000000, 0.993300, 1.000000
76300, 0.000000, 1.000000, 0.993200, 1.000000
76400, 0.000000, 1.000000, 0.993300, 1.000000
76500, 0.000000, 1.000000, 0.993200, 1.000000
76600, 0.000000, 1.000000, 0.992400, 1.000000
76700, 0.000000, 1.000000, 0.992800, 1.000000
76800, 0.000000, 1.000000, 0.992900, 1.000000
76900, 0.000000, 1.000000, 0.992700, 1.000000
77000, 0.000000, 1.000000, 0.992900, 1.000000
77100, 0.000000, 1.000000, 0.992500, 1.000000
77200, 0.000000, 1.000000, 0.993300, 1.000000
77300, 0.000000, 1.000000, 0.993100, 1.000000
77400, 0.000000, 1.000000, 0.993000, 1.000000
77500, 0.000000, 1.000000, 0.992800, 1.000000
77600, 0.000000, 1.000000, 0.992900, 1.000000
77700, 0.000000, 1.000000, 0.993200, 1.000000
77800, 0.000000, 1.000000, 0.993000, 1.000000
77900, 0.000000, 1.000000, 0.992400, 1.000000
78000, 0.000000, 1.000000, 0.992800, 1.000000
78100, 0.000000, 1.000000, 0.992400, 1.000000
78200, 0.000000, 1.000000, 0.993300, 1.000000
78300, 0.000000, 1.000000, 0.993100, 1.000000
78400, 0.000000, 1.000000, 0.992700, 1.000000
78500, 0.000000, 1.000000, 0.992100, 1.000000
78600, 0.000000, 1.000000, 0.992800, 1.000000
78700, 0.000000, 1.000000, 0.992600, 1.000000
78800, 0.000000, 1.000000, 0.992500, 1.000000
78900, 0.000000, 1.000000, 0.993300, 1.000000
79000, 0.000000, 1.000000, 0.992700, 1.000000
79100, 0.000000, 1.000000, 0.992700, 1.000000
79200, 0.000000, 1.000000, 0.992900, 1.000000
79300, 0.000000, 1.000000, 0.992700, 1.000000
79400, 0.000000, 1.000000, 0.992000, 1.000000
79500, 0.000000, 1.000000, 0.993400, 1.000000
79600, 0.000000, 1.000000, 0.993400, 1.000000
79700, 0.000000, 1.000000, 0.993400, 1.000000
79800, 0.000000, 1.000000, 0.992800, 1.000000
79900, 0.000000, 1.000000, 0.993400, 1.000000
80000, 0.000000, 1.000000, 0.993000, 1.000000
80100, 0.000000, 1.000000, 0.992600, 1.000000
80200, 0.000000, 1.000000, 0.993200, 1.000000
80300, 0.000000, 1.000000, 0.993200, 1.000000
80400, 0.000000, 1.000000, 0.993200, 1.000000
80500, 0.000000, 1.000000, 0.993000, 1.000000
80600, 0.000000, 1.000000, 0.992900, 1.000000
80700, 0.000000, 1.000000, 0.993100, 1.000000
80800, 0.000000, 1.000000, 0.993400, 1.000000
80900, 0.000000, 1.000000, 0.992300, 1.000000
81000, 0.000000, 1.000000, 0.992800, 1.000000
81100, 0.000000, 1.000000, 0.993500, 1.000000
81200, 0.000000, 1.000000, 0.992800, 1.000000
81300, 0.000000, 1.000000, 0.992800, 1.000000
81400, 0.000000, 1.000000, 0.992500, 1.000000
81500, 0.000000, 1.000000, 0.993500, 1.000000
81600, 0.000000, 1.000000, 0.992200, 1.000000
81700, 0.000000, 1.000000, 0.992900, 1.000000
81800, 0.000000, 1.000000, 0.993200, 1.000000
81900, 0.000000, 1.000000, 0.993300, 1.000000
82000, 0.000000, 1.000000, 0.993100, 1.000000
82100, 0.000000, 1.000000, 0.992600, 1.000000
82200, 0.000000, 1.000000, 0.993200, 1.000000
82300, 0.000000, 1.000000, 0.992400, 1.000000
82400, 0.000000, 1.000000, 0.993100, 1.000000
82500, 0.000000, 1.000000, 0.993000, 1.000000
82600, 0.000000, 1.000000, 0.993400, 1.000000
82700, 0.000000, 1.000000, 0.993100, 1.000000
82800, 0.000000, 1.000000, 0.993000, 1.000000
82900, 0.000000, 1.000000, 0.993400, 1.000000
83000, 0.000000, 1.000000, 0.993100, 1.000000
83100, 0.000000, 1.000000, 0.993500, 1.000000
83200, 0.000000, 1.000000, 0.993000, 1.000000
83300, 0.000000, 1.000000, 0.992900, 1.000000
83400, 0.000000, 1.000000, 0.993600, 1.000000
83500, 0.000000, 1.000000, 0.993400, 1.000000
83600, 0.000000, 1.000000, 0.993100, 1.000000
83700, 0.000000, 1.000000, 0.993100, 1.000000
83800, 0.000000, 1.000000, 0.993600, 1.000000
83900, 0.000000, 1.000000, 0.993300, 1.000000
84000, 0.000000, 1.000000, 0.992300, 1.000000
84100, 0.000000, 1.000000, 0.992600, 1.000000
84200, 0.000000, 1.000000, 0.993400, 1.000000
84300, 0.000000, 1.000000, 0.993000, 1.000000
84400, 0.000000, 1.000000, 0.993100, 1.000000
84500, 0.000000, 1.000000, 0.993300, 1.000000
84600, 0.000000, 1.000000, 0.993000, 1.000000
84700, 0.000000, 1.000000, 0.992700, 1.000000
84800, 0.000000, 1.000000, 0.993400, 1.000000
84900, 0.000000, 1.000000, 0.993200, 1.000000
85000, 0.000000, 1.000000, 0.993500, 1.000000
85100, 0.000000, 1.000000, 0.993300, 1.000000
85200, 0.000000, 1.000000, 0.993600, 1.000000
85300, 0.000000, 1.000000, 0.992400, 1.000000
85400, 0.000000, 1.000000, 0.993100, 1.000000
85500, 0.000000, 1.000000, 0.993400, 1.000000
85600, 0.000000, 1.000000, 0.992800, 1.000000
85700, 0.000000, 1.000000, 0.993300, 1.000000
85800, 0.000000, 1.000000, 0.992600, 1.000000
85900, 0.000000, 1.000000, 0.993000, 1.000000
86000, 0.000000, 1.000000, 0.993500, 1.000000
86100, 0.000000, 1.000000, 0.992900, 1.000000
86200, 0.000000, 1.000000, 0.993500, 1.000000
86300, 0.000000, 1.000000, 0.993500, 1.000000
86400, 0.000000, 1.000000, 0.993400, 1.000000
86500, 0.000000, 1.000000, 0.992900, 1.000000
86600, 0.000000, 1.000000, 0.993000, 1.000000
86700, 0.000000, 1.000000, 0.993800, 1.000000
86800, 0.000000, 1.000000, 0.992900, 1.000000
86900, 0.000000, 1.000000, 0.993000, 1.000000
87000, 0.000000, 1.000000, 0.993200, 1.000000
87100, 0.000000, 1.000000, 0.993200, 1.000000
87200, 0.000000, 1.000000, 0.993500, 1.000000
87300, 0.000000, 1.000000, 0.993600, 1.000000
87400, 0.000000, 1.000000, 0.993300, 1.000000
87500, 0.000000, 1.000000, 0.993100, 1.000000
87600, 0.000000, 1.000000, 0.993800, 1.000000
87700, 0.000000, 1.000000, 0.993600, 1.000000
87800, 0.000000, 1.000000, 0.993700, 1.000000
87900, 0.000000, 1.000000, 0.993100, 1.000000
88000, 0.000000, 1.000000, 0.993300, 1.000000
88100, 0.000000, 1.000000, 0.993600, 1.000000
88200, 0.000000, 1.000000, 0.992900, 1.000000
88300, 0.000000, 1.000000, 0.993400, 1.000000
88400, 0.000000, 1.000000, 0.993100, 1.000000
88500, 0.000000, 1.000000, 0.993600, 1.000000
88600, 0.000000, 1.000000, 0.993200, 1.000000
88700, 0.000000, 1.000000, 0.992800, 1.000000
88800, 0.000000, 1.000000, 0.993500, 1.000000
88900, 0.000000, 1.000000, 0.993300, 1.000000
89000, 0.000000, 1.000000, 0.993500, 1.000000
89100, 0.000000, 1.000000, 0.993400, 1.000000
89200, 0.000000, 1.000000, 0.993700, 1.000000
89300, 0.000000, 1.000000, 0.993000, 1.000000
89400, 0.000000, 1.000000, 0.992800, 1.000000
89500, 0.000000, 1.000000, 0.993400, 1.000000
89600, 0.000000, 1.000000, 0.993400, 1.000000
89700, 0.000000, 1.000000, 0.993400, 1.000000
89800, 0.000000, 1.000000, 0.993900, 1.000000
89900, 0.000000, 1.000000, 0.993300, 1.000000
90000, 0.000000, 1.000000, 0.993300, 1.000000
90100, 0.000000, 1.000000, 0.993200, 1.000000
90200, 0.000000, 1.000000, 0.993300, 1.000000
90300, 0.000000, 1.000000, 0.993000, 1.000000
90400, 0.000000, 1.000000, 0.993000, 1.000000
90500, 0.000000, 1.000000, 0.992700, 1.000000
90600, 0.000000, 1.000000, 0.993300, 1.000000
90700, 0.000000, 1.000000, 0.993200, 1.000000
90800, 0.000000, 1.000000, 0.993500, 1.000000
90900, 0.000000, 1.000000, 0.992800, 1.000000
91000, 0.000000, 1.000000, 0.993000, 1.000000
91100, 0.000000, 1.000000, 0.993400, 1.000000
91200, 0.000000, 1.000000, 0.993000, 1.000000
91300, 0.000000, 1.000000, 0.993000, 1.000000
91400, 0.000000, 1.000000, 0.992800, 1.000000
91500, 0.000000, 1.000000, 0.992900, 1.000000
91600, 0.000000, 1.000000, 0.992800, 1.000000
91700, 0.000000, 1.000000, 0.993200, 1.000000
91800, 0.000000, 1.000000, 0.993300, 1.000000
91900, 0.000000, 1.000000, 0.992800, 1.000000
92000, 0.000000, 1.000000, 0.992900, 1.000000
92100, 0.000000, 1.000000, 0.993300, 1.000000
92200, 0.000000, 1.000000, 0.993300, 1.000000
92300, 0.000000, 1.000000, 0.993500, 1.000000
92400, 0.000000, 1.000000, 0.993000, 1.000000
92500, 0.000000, 1.000000, 0.993100, 1.000000
92600, 0.000000, 1.000000, 0.993000, 1.000000
92700, 0.000000, 1.000000, 0.993500, 1.000000
92800, 0.000000, 1.000000, 0.993200, 1.000000
92900, 0.000000, 1.000000, 0.993500, 1.000000
93000, 0.000000, 1.000000, 0.994100, 1.000000
93100, 0.000000, 1.000000, 0.993800, 1.000000
93200, 0.000000, 1.000000, 0.993100, 1.000000
93300, 0.000000, 1.000000, 0.992900, 1.000000
93400, 0.000000, 1.000000, 0.993500, 1.000000
93500, 0.000000, 1.000000, 0.993600, 1.000000
93600, 0.000000, 1.000000, 0.993600, 1.000000
93700, 0.000000, 1.000000, 0.993300, 1.000000
93800, 0.000000, 1.000000, 0.993100, 1.000000
93900, 0.000000, 1.000000, 0.993500, 1.000000
94000, 0.000000, 1.000000, 0.993500, 1.000000
94100, 0.000000, 1.000000, 0.993000, 1.000000
94200, 0.000000, 1.000000, 0.993500, 1.000000
94300, 0.000000, 1.000000, 0.992900, 1.000000
94400, 0.000000, 1.000000, 0.993600, 1.000000
94500, 0.000000, 1.000000, 0.992700, 1.000000
94600, 0.000000, 1.000000, 0.993300, 1.000000
94700, 0.000000, 1.000000, 0.993600, 1.000000
94800, 0.000000, 1.000000, 0.993400, 1.000000
94900, 0.000000, 1.000000, 0.993800, 1.000000
95000, 0.000000, 1.000000, 0.993000, 1.000000
95100, 0.000000, 1.000000, 0.992900, 1.000000
95200, 0.000000, 1.000000, 0.993300, 1.000000
95300, 0.000000, 1.000000, 0.993300, 1.000000
95400, 0.000000, 1.000000, 0.993400, 1.000000
95500, 0.000000, 1.000000, 0.993000, 1.000000
95600, 0.000000, 1.000000, 0.993300, 1.000000
95700, 0.000000, 1.000000, 0.993300, 1.000000
95800, 0.000000, 1.000000, 0.993200, 1.000000
95900, 0.000000, 1.000000, 0.993300, 1.000000
96000, 0.000000, 1.000000, 0.993700, 1.000000
96100, 0.000000, 1.000000, 0.992900, 1.000000
96200, 0.000000, 1.000000, 0.993800, 1.000000
96300, 0.000000, 1.000000, 0.993200, 1.000000
96400, 0.000000, 1.000000, 0.993500, 1.000000
96500, 0.000000, 1.000000, 0.993400, 1.000000
96600, 0.000000, 1.000000, 0.993300, 1.000000
96700, 0.000000, 1.000000, 0.992900, 1.000000
96800, 0.000000, 1.000000, 0.993300, 1.000000
96900, 0.000000, 1.000000, 0.992900, 1.000000
97000, 0.000000, 1.000000, 0.993200, 1.000000
97100, 0.000000, 1.000000, 0.993600, 1.000000
97200, 0.000000, 1.000000, 0.992600, 1.000000
97300, 0.000000, 1.000000, 0.993400, 1.000000
97400, 0.000000, 1.000000, 0.993300, 1.000000
97500, 0.000000, 1.000000, 0.993200, 1.000000
97600, 0.000000, 1.000000, 0.993400, 1.000000
97700, 0.000000, 1.000000, 0.994000, 1.000000
97800, 0.000000, 1.000000, 0.993200, 1.000000
97900, 0.000000, 1.000000, 0.993400, 1.000000
98000, 0.000000, 1.000000, 0.993500, 1.000000
98100, 0.000000, 1.000000, 0.993600, 1.000000
98200, 0.000000, 1.000000, 0.993500, 1.000000
98300, 0.000000, 1.000000, 0.994300, 1.000000
98400, 0.000000, 1.000000, 0.993500, 1.000000
98500, 0.000000, 1.000000, 0.993600, 1.000000
98600, 0.000000, 1.000000, 0.993700, 1.000000
98700, 0.000000, 1.000000, 0.994100, 1.000000
98800, 0.000000, 1.000000, 0.993400, 1.000000
98900, 0.000000, 1.000000, 0.993800, 1.000000
99000, 0.000000, 1.000000, 0.993400, 1.000000
99100, 0.000000, 1.000000, 0.993500, 1.000000
99200, 0.000000, 1.000000, 0.993600, 1.000000
99300, 0.000000, 1.000000, 0.993500, 1.000000
99400, 0.000000, 1.000000, 0.993300, 1.000000
99500, 0.000000, 1.000000, 0.993400, 1.000000
99600, 0.000000, 1.000000, 0.993900, 1.000000
99700, 0.000000, 1.000000, 0.993500, 1.000000
99800, 0.000000, 1.000000, 0.993500, 1.000000
99900, 0.000000, 1.000000, 0.993400, 1.000000
